,Symbol,Volume
0,AACG,17800
1,AACQU,149600
2,AAL,61700700
3,AAME,1900
4,AAOI,4356600
5,AAON,219000
6,AAPL,49511400
7,AAWW,1296800
8,AAXJ,1107500
9,AAXN,2278700
10,ABCB,312200
11,ABEO,573400
12,ABIO,1250200
13,ABMD,445400
14,ABTX,47300
15,ABUS,11335100
16,ACAD,1338800
17,ACAM,59900
18,ACAMW,14800
19,ACBI,51800
20,ACCD,279700
21,ACER,3033800
22,ACEVU,709200
23,ACGL,1415500
24,ACGLO,7500
25,ACGLP,34700
26,ACHC,325000
27,ACHV,910200
28,ACIA,803900
29,ACIU,355600
30,ACIW,1107600
31,ACLS,465700
32,ACMR,615800
33,ACNB,18800
34,ACOR,1900600
35,ACRS,469100
36,ACRX,1727500
37,ACST,2318900
38,ACT,1500
39,ACTG,426300
40,ACWI,4791000
41,ACWX,650400
42,ADAP,875500
43,ADBE,3289600
44,ADES,150400
45,ADI,2110800
46,ADIL,3536100
47,ADILW,39500
48,ADMA,4243800
49,ADMP,5392200
50,ADMS,5946300
51,ADP,3090800
52,ADPT,573100
53,ADRE,6800
54,ADRO,446100
55,ADSK,1042900
56,ADTN,325700
57,ADTX,2637600
58,ADUS,52900
59,ADVM,601100
60,ADXN,16800
61,ADXS,1109600
62,AEGN,73500
63,AEHR,83200
64,AEIS,403700
65,AEMD,472000
66,AERI,2420100
67,AESE,291100
68,AEY,149600
69,AEYE,67900
70,AEZS,10145900
71,AFH,284100
72,AFIB,648200
73,AFIN,289000
74,AFINP,13400
75,AFMD,640200
76,AFYA,45300
77,AGBAR,32500
78,AGBAW,269200
79,AGEN,3341100
80,AGFS,117800
81,AGIO,551700
82,AGLE,156400
83,AGMH,4400
84,AGNC,5031600
85,AGNCM,19800
86,AGNCN,16000
87,AGNCO,46000
88,AGNCP,30600
89,AGRX,1140900
90,AGTC,301100
91,AGYS,218200
92,AGZD,19900
93,AHCO,388100
94,AHPI,200700
95,AIA,121100
96,AIH,40900
97,AIHS,2161800
98,AIKI,1531400
99,AIMC,176300
100,AIMT,583500
101,AINV,1283100
102,AIQ,31900
103,AIRG,225000
104,AIRR,3100
105,AIRTW,21900
106,AKAM,1697700
107,AKBA,920900
108,AKCA,109400
109,AKER,1391600
110,AKRO,177000
111,AKTS,323600
112,AKTX,318400
113,AKUS,104300
114,ALACR,3600
115,ALACW,326300
116,ALBO,189700
117,ALCO,14000
118,ALDX,566600
119,ALEC,1186100
120,ALGN,818500
121,ALGT,140000
122,ALIM,84500
123,ALJJ,490600
124,ALKS,740200
125,ALLK,134000
126,ALLO,841100
127,ALLT,180300
128,ALNA,862600
129,ALNY,400500
130,ALOT,13100
131,ALPN,41700
132,ALRM,583400
133,ALRN,786000
134,ALRS,72300
135,ALSK,252700
136,ALT,1029700
137,ALTA,57500
138,ALTM,32400
139,ALTR,490700
140,ALTY,13800
141,ALVR,549500
142,ALXN,1846400
143,ALXO,67900
144,ALYA,13400
145,AMAG,466600
146,AMAL,28600
147,AMAT,7124200
148,AMBA,256900
149,AMCI,14600
150,AMCIW,842300
151,AMCX,935700
152,AMD,66543100
153,AMED,162800
154,AMEH,72100
155,AMGN,1352300
156,AMKR,1205900
157,AMNB,18500
158,AMOT,26600
159,AMPH,258000
160,AMRB,12500
161,AMRH,186500
162,AMRHW,5800
163,AMRK,43900
164,AMRN,7416100
165,AMRS,4163200
166,AMSC,469500
167,AMSF,131300
168,AMSWA,134600
169,AMTB,26500
170,AMTBB,300
171,AMTD,2633800
172,AMTI,179200
173,AMTX,1568600
174,AMWD,56000
175,AMYT,6900
176,AMZN,3936100
177,ANAB,212700
178,ANAT,23100
179,ANCN,50500
180,ANDA,36500
181,ANDAR,263300
182,ANDAW,78500
183,ANDE,229000
184,ANGI,1433800
185,ANGL,1101400
186,ANGO,235800
187,ANIK,117000
188,ANIP,73400
189,ANIX,61600
190,ANNX,398100
191,ANPC,15553600
192,ANSS,326000
193,ANTE,124600
194,ANY,126800
195,AOSL,78600
196,APA,6973200
197,APDN,646100
198,APEI,65900
199,APEN,22800
200,APEX,173200
201,APHA,8439600
202,API,1013500
203,APLS,433900
204,APLT,252100
205,APM,69700
206,APOG,143600
207,APOP,82700
208,APOPW,1300
209,APPF,108100
210,APPN,1915000
211,APPS,10798800
212,APRE,42100
213,APTO,1268600
214,APTX,172600
215,APVO,72500
216,APWC,39700
217,APXT,10200
218,APXTW,15500
219,APYX,46800
220,AQB,3496000
221,AQMS,290800
222,AQST,744500
223,ARAV,470300
224,ARAY,353100
225,ARCB,147300
226,ARCC,2577600
227,ARCE,449600
228,ARCT,1077000
229,ARDS,17100
230,ARDX,321200
231,AREC,21000
232,ARGX,127100
233,ARKR,17000
234,ARLP,253800
235,ARNA,428900
236,AROW,29000
237,ARPO,7671000
238,ARQT,119900
239,ARTL,1185300
240,ARTNA,43000
241,ARTW,17100
242,ARVN,272600
243,ARWR,921800
244,ARYA,730200
245,ARYB,900
246,ARYBU,34400
247,ASET,6300
248,ASFI,1000
249,ASLN,48000
250,ASMB,230000
251,ASML,572500
252,ASND,94200
253,ASPS,243000
254,ASPU,262600
255,ASRT,3874000
256,ASRV,1900
257,ASRVP,300
258,ASTC,331500
259,ASTE,134700
260,ASUR,154100
261,ASYS,21700
262,ATAX,156700
263,ATCX,5800
264,ATCXW,14600
265,ATEC,1333600
266,ATEX,109200
267,ATHE,2961300
268,ATHX,1737000
269,ATIF,153900
270,ATLC,6900
271,ATLO,6000
272,ATNI,23800
273,ATNX,699400
274,ATOM,1045400
275,ATOS,321500
276,ATRA,492700
277,ATRC,285000
278,ATRI,5000
279,ATRO,304700
280,ATRS,1845900
281,ATSG,531200
282,ATVI,9181800
283,ATXI,28100
284,AUB,317700
285,AUBAP,62600
286,AUBN,1200
287,AUDC,373800
288,AUPH,1112900
289,AUTL,342500
290,AUTO,107800
291,AVAV,159700
292,AVCO,196900
293,AVCT,2071700
294,AVCTW,511100
295,AVDL,407700
296,AVEO,199800
297,AVGO,1419300
298,AVGOP,2000
299,AVGR,13600200
300,AVID,347900
301,AVNW,6500
302,AVRO,128600
303,AVT,1059100
304,AVXL,1067100
305,AWH,444200
306,AWRE,13100
307,AXAS,2197100
308,AXDX,410800
309,AXGN,291300
310,AXGT,195900
311,AXLA,131600
312,AXNX,721600
313,AXSM,395600
314,AXTI,246400
315,AY,624600
316,AYLA,6200
317,AYRO,1856100
318,AYTU,3064700
319,AZPN,288300
320,AZRX,386100
321,BAND,338100
322,BANF,114100
323,BANR,139700
324,BANX,29700
325,BASI,25300
326,BATRA,38000
327,BATRK,110000
328,BBBY,9579400
329,BBCP,63300
330,BBGI,98200
331,BBH,27400
332,BBI,853400
333,BBIO,228000
334,BBQ,9900
335,BBSI,78700
336,BCBP,28200
337,BCDA,161300
338,BCDAW,300
339,BCEL,204600
340,BCLI,476200
341,BCML,10800
342,BCOM,900
343,BCOR,399800
344,BCOV,344200
345,BCOW,600
346,BCPC,90100
347,BCRX,6472400
348,BCTF,2500
349,BCYC,8100
350,BDGE,171200
351,BDSI,867400
352,BDTX,114200
353,BEAM,799200
354,BEAT,281800
355,BECN,1148100
356,BELFA,1900
357,BELFB,29500
358,BFC,6900
359,BFIN,26700
360,BFIT,700
361,BFRA,126400
362,BFST,66900
363,BFYT,157200
364,BGCP,5002300
365,BGFV,9075800
366,BGNE,203600
367,BGRN,9200
368,BHAT,401900
369,BHF,1845900
370,BHFAL,9000
371,BHFAO,35000
372,BHFAP,24800
373,BHTG,277700
374,BIB,104000
375,BICK,5500
376,BIDU,3163300
377,BIGC,3357400
378,BIIB,4454600
379,BILI,7229900
380,BIMI,217700
381,BIOC,27276700
382,BIOL,4075100
383,BIS,225300
384,BJK,11100
385,BJRI,311000
386,BKCC,386100
387,BKEP,66900
388,BKEPP,1400
389,BKNG,566000
390,BKSC,6000
391,BKYI,6541800
392,BL,1565200
393,BLBD,132000
394,BLCM,52100
395,BLCN,67200
396,BLCT,210500
397,BLDP,5741600
398,BLDR,918800
399,BLFS,298900
400,BLI,258000
401,BLIN,737500
402,BLKB,298000
403,BLMN,2284300
404,BLNK,2666200
405,BLNKW,38700
406,BLPH,97800
407,BLRX,580100
408,BLU,1738800
409,BLUE,533900
410,BMCH,347500
411,BMLP,22800
412,BMRA,257300
413,BMRC,36100
414,BMRN,754300
415,BMTC,79200
416,BND,3764500
417,BNDW,25900
418,BNDX,1564400
419,BNFT,361200
420,BNGO,73658400
421,BNGOW,128000
422,BNR,69700
423,BNSO,19900
424,BNTC,8300
425,BNTX,3038200
426,BOCH,17900
427,BOKF,167400
428,BOKFL,1800
429,BOMN,62500
430,BOOM,67200
431,BOSC,6300
432,BOTJ,1400
433,BOTZ,604700
434,BOWXU,169900
435,BOXL,4336500
436,BPFH,259200
437,BPMC,205600
438,BPOP,671200
439,BPOPM,800
440,BPOPN,800
441,BPRN,4100
442,BPTH,29200
443,BPY,1415100
444,BPYPN,7700
445,BPYPO,15000
446,BPYPP,14200
447,BPYU,593400
448,BPYUP,49600
449,BREW,137300
450,BRID,2100
451,BRKL,350700
452,BRKR,417500
453,BRKS,388500
454,BRLI,18300
455,BRLIR,71500
456,BRLIU,20600
457,BRLIW,11500
458,BROGW,126300
459,BRP,588100
460,BRPA,32100
461,BRPAW,21100
462,BRQS,102600
463,BRY,235200
464,BSAE,900
465,BSBE,100
466,BSBK,8600
467,BSCE,500
468,BSCK,255700
469,BSCL,396000
470,BSCM,262800
471,BSCN,155200
472,BSCO,114100
473,BSCP,93700
474,BSCQ,85800
475,BSCR,53100
476,BSCS,24900
477,BSCT,21600
478,BSDE,500
479,BSET,21600
480,BSGM,636700
481,BSJK,92100
482,BSJL,129100
483,BSJM,113200
484,BSJN,108100
485,BSJO,44400
486,BSJP,35500
487,BSJQ,11400
488,BSJR,2100
489,BSML,100
490,BSMM,1500
491,BSMN,1100
492,BSMO,10400
493,BSMP,1200
494,BSMQ,1900
495,BSQR,30700
496,BSRR,25200
497,BSTC,21000
498,BSVN,5900
499,BTAI,829800
500,BTEC,3300
501,BUG,24600
502,BUSE,179400
503,BVXV,70200
504,BWAY,7600
505,BWB,28700
506,BWEN,263900
507,BWFG,6600
508,BWMX,36800
509,BXRX,248700
510,BYFC,2015200
511,BYND,3478600
512,BYSI,51700
513,BZUN,701300
514,CAAS,51000
515,CABA,115300
516,CAC,49700
517,CACC,142300
518,CACG,9300
519,CAKE,1363600
520,CALA,3422400
521,CALB,9600
522,CALM,247100
523,CALT,5600
524,CAMP,193200
525,CAMT,126700
526,CAN,3603000
527,CAPR,5071400
528,CAR,1306700
529,CARA,287000
530,CARE,92600
531,CARG,3149300
532,CARV,5409600
533,CARZ,1500
534,CASA,296200
535,CASH,193800
536,CASI,679700
537,CASS,23800
538,CASY,185000
539,CATB,101800
540,CATC,18700
541,CATH,116500
542,CATM,1473800
543,CATY,346000
544,CBAN,4300
545,CBAT,139500
546,CBAY,5422600
547,CBFV,5700
548,CBIO,152600
549,CBLI,1506500
550,CBMB,2100
551,CBMG,43900
552,CBNK,6400
553,CBPO,46900
554,CBRL,244600
555,CBSH,302100
556,CBSHP,9900
557,CBTX,34100
558,CCAP,14800
559,CCB,12600
560,CCBG,24800
561,CCCL,419300
562,CCD,82500
563,CCLP,37700
564,CCMP,171600
565,CCNC,31200
566,CCNE,24800
567,CCOI,581500
568,CCRC,2400
569,CCRN,371100
570,CCXI,377000
571,CDC,35500
572,CDEV,3165000
573,CDK,643100
574,CDL,10900
575,CDLX,565400
576,CDMO,415800
577,CDMOP,700
578,CDNA,583400
579,CDNS,1336400
580,CDTX,69400
581,CDW,678300
582,CDXC,422800
583,CDXS,552600
584,CDZI,180400
585,CECE,115300
586,CELC,25500
587,CELH,2176800
588,CEMI,5013300
589,CENT,138400
590,CENTA,320000
591,CENX,1058300
592,CERC,363000
593,CERN,1861900
594,CERS,1185700
595,CETV,149900
596,CETX,780100
597,CETXW,202700
598,CEVA,192600
599,CEY,1000
600,CEZ,2600
601,CFA,11100
602,CFB,125000
603,CFBI,1400
604,CFBK,5900
605,CFFA,140300
606,CFFAW,341200
607,CFFI,3800
608,CFFN,475400
609,CFMS,911600
610,CFO,65100
611,CFRX,234900
612,CG,1476500
613,CGBD,180700
614,CGEN,1367900
615,CGIX,93500
616,CGNX,411900
617,CGO,9000
618,CGRO,500
619,CGROU,130600
620,CGROW,121900
621,CHCI,71400
622,CHCO,44300
623,CHDN,277900
624,CHEF,1042700
625,CHEK,5785300
626,CHEKZ,11500
627,CHFS,12905300
628,CHI,184000
629,CHKP,1130400
630,CHMA,320500
631,CHMG,12000
632,CHNA,4400
633,CHNG,7742200
634,CHNGU,2900
635,CHNR,121700
636,CHPM,308200
637,CHPMU,600
638,CHRS,4272100
639,CHRW,1270000
640,CHSCL,13500
641,CHSCM,18300
642,CHSCN,15800
643,CHSCO,20900
644,CHSCP,7500
645,CHTR,810900
646,CHUY,381300
647,CHW,175600
648,CHY,210600
649,CIBR,304100
650,CID,300
651,CIDM,1624700
652,CIGI,72800
653,CIH,93400
654,CIIC,100000
655,CIICW,7600
656,CIL,2800
657,CINF,729000
658,CIVB,29200
659,CIZ,2300
660,CIZN,3400
661,CJJD,738100
662,CKPT,363400
663,CLAR,167800
664,CLBK,146700
665,CLBS,708900
666,CLCT,69000
667,CLDB,100
668,CLDX,516600
669,CLEU,18700
670,CLFD,60300
671,CLGN,800
672,CLIR,154000
673,CLLS,86800
674,CLMT,162600
675,CLNE,5463400
676,CLOU,1884900
677,CLPS,39100
678,CLPT,29300
679,CLRB,423300
680,CLRBZ,15500
681,CLRO,5300
682,CLSD,125200
683,CLSK,7628500
684,CLSN,729900
685,CLUB,143100
686,CLVS,10643600
687,CLWT,17300
688,CLXT,118300
689,CMBM,57300
690,CMCO,89500
691,CMCSA,10353100
692,CMCT,12000
693,CME,1903700
694,CMFNL,200
695,CMLS,149300
696,CMPR,154000
697,CMRX,415800
698,CMTL,253200
699,CNBKA,21800
700,CNCE,147000
701,CNCR,5000
702,CNDT,117877600
703,CNET,403500
704,CNFR,1800
705,CNNB,400
706,CNOB,136700
707,CNSL,472500
708,CNSP,62100
709,CNST,370000
710,CNTG,73600
711,CNTY,703500
712,CNXN,60900
713,COCP,3652800
714,CODA,13600
715,CODX,1922900
716,COFS,13500
717,COHR,176300
718,COHU,169400
719,COKE,42000
720,COLB,266700
721,COLL,575000
722,COLM,181300
723,COMM,5380100
724,COMT,81300
725,CONE,496000
726,CONN,393700
727,COOP,818300
728,CORE,217100
729,CORT,851600
730,COST,1759000
731,COUP,1498700
732,COWN,486100
733,COWNL,2100
734,COWNZ,4000
735,CPAA,11500
736,CPAAU,800
737,CPAAW,10000
738,CPAH,33500
739,CPHC,300
740,CPIX,19300
741,CPLP,111400
742,CPRT,1491400
743,CPRX,2713400
744,CPSH,172100
745,CPSI,75500
746,CPSS,8400
747,CPST,360500
748,CPTA,153800
749,CPTAG,9800
750,CPTAL,2000
751,CPZ,16200
752,CRAI,32100
753,CRBP,1339500
754,CRDF,590300
755,CREE,721600
756,CREG,82400
757,CRESY,235600
758,CREX,403400
759,CREXW,500
760,CRIS,1910800
761,CRMT,30400
762,CRNC,712900
763,CRNT,429700
764,CRNX,190300
765,CRON,5987900
766,CROX,1361600
767,CRSA,21400
768,CRSAU,9600
769,CRSAW,4800
770,CRSP,834000
771,CRTO,213500
772,CRTX,67900
773,CRUS,773000
774,CRVL,33400
775,CRVS,176800
776,CRWD,6637300
777,CRWS,3200
778,CSA,1200
779,CSB,4100
780,CSBR,14300
781,CSCO,17054300
782,CSF,1000
783,CSGP,153600
784,CSGS,299900
785,CSII,187700
786,CSIQ,4184100
787,CSML,14000
788,CSOD,329700
789,CSPI,6100
790,CSQ,252600
791,CSSE,33200
792,CSSEN,7400
793,CSSEP,11900
794,CSTE,56300
795,CSTL,91300
796,CSTR,53500
797,CSWC,31400
798,CSWCL,2300
799,CSWI,46500
800,CSX,3428000
801,CTAS,441600
802,CTBI,46600
803,CTG,7700
804,CTHR,76100
805,CTIB,194700
806,CTIC,1127600
807,CTMX,425500
808,CTRE,691300
809,CTRM,4388300
810,CTRN,201300
811,CTSH,2054400
812,CTSO,419200
813,CTXR,1671700
814,CTXRW,10400
815,CTXS,1141000
816,CUBA,17100
817,CUE,187900
818,CUTR,266200
819,CVBF,524500
820,CVCO,39900
821,CVCY,28400
822,CVET,559600
823,CVGI,236200
824,CVGW,92300
825,CVLG,57300
826,CVLT,266100
827,CVLY,6400
828,CVV,17200
829,CWBC,900
830,CWBR,426100
831,CWCO,106800
832,CWST,180900
833,CXDC,94400
834,CXDO,55600
835,CXSE,63400
836,CYAD,1000
837,CYAN,1900
838,CYBE,78400
839,CYBR,434500
840,CYCC,89800
841,CYCN,154600
842,CYRN,214500
843,CYRX,952900
844,CYTK,1180000
845,CZNC,31300
846,CZR,6729800
847,CZWI,4400
848,DADA,854600
849,DAIO,12400
850,DAKT,249700
851,DARE,615900
852,DAX,3100
853,DBCP,3700
854,DBVT,1160400
855,DBX,22826300
856,DCOM,293500
857,DCOMP,40600
858,DCPH,366200
859,DCTH,29600
860,DDIV,3200
861,DDOG,18906500
862,DENN,1076700
863,DFFN,1688800
864,DFHTU,3900
865,DFNL,18600
866,DFPH,4700
867,DFPHU,1800
868,DFPHW,300
869,DGICA,47100
870,DGICB,600
871,DGII,359900
872,DGLY,682700
873,DGRE,9100
874,DGRS,13300
875,DGRW,322300
876,DHC,1806200
877,DHCNI,18900
878,DHCNL,50200
879,DHIL,8600
880,DINT,6500
881,DIOD,324700
882,DISCA,6863700
883,DISCB,400
884,DISCK,3726600
885,DISH,7180900
886,DJCO,1300
887,DKNG,8890500
888,DLHC,119300
889,DLPN,871900
890,DLPNW,6300
891,DLTH,212300
892,DLTR,1345200
893,DMAC,110400
894,DMLP,49100
895,DMPI,260200
896,DMRC,81000
897,DMTK,90500
898,DMXF,600
899,DNKN,918500
900,DNLI,1365400
901,DOCU,5653400
902,DOGZ,1500
903,DOMO,617800
904,DOOO,44600
905,DORM,114200
906,DOX,591000
907,DOYU,4629000
908,DPHC,3270000
909,DPHCU,90200
910,DPHCW,554300
911,DRAD,393300
912,DRADP,300
913,DRIO,641800
914,DRIOW,168900
915,DRIV,21800
916,DRNA,709700
917,DRRX,2352700
918,DRTT,220200
919,DSGX,98000
920,DSKE,714700
921,DSKEW,1137500
922,DSPG,125200
923,DSWL,16500
924,DTEA,98900
925,DTIL,314400
926,DTSS,480700
927,DUO,32200
928,DUOT,2800
929,DUSA,6100
930,DVAX,8205200
931,DVLU,600
932,DVOL,6100
933,DVY,931300
934,DWAS,8600
935,DWAT,1000
936,DWAW,3300
937,DWEQ,1600
938,DWFI,20000
939,DWLD,11400
940,DWPP,400
941,DWSH,130900
942,DWSN,21300
943,DXCM,928800
944,DXGE,1100
945,DXJS,2900
946,DXLG,2984500
947,DXPE,121800
948,DXYN,100700
949,DYAI,97100
950,DYNT,156300
951,DZSI,94200
952,EA,1514800
953,EARS,364800
954,EAST,85100
955,EBAY,6369400
956,EBAYL,35000
957,EBIX,654200
958,EBIZ,120800
959,EBMT,16400
960,EBON,222100
961,EBSB,104100
962,EBTC,26700
963,ECHO,118000
964,ECOL,221600
965,ECOLW,3400
966,ECOR,968600
967,ECPG,816400
968,EDAP,66900
969,EDIT,2141400
970,EDNT,223100
971,EDOC,602500
972,EDRY,123100
973,EDSA,392900
974,EDTK,60700
975,EDUC,308500
976,EDUT,134000
977,EEFT,345300
978,EEMA,16100
979,EFAS,5300
980,EFOI,130600
981,EFSC,134800
982,EGAN,172700
983,EGBN,107400
984,EGLE,193600
985,EGOV,302400
986,EGRX,266900
987,EH,61800
988,EHTH,1737900
989,EIDX,51600
990,EIGI,621500
991,EIGR,280000
992,EKSO,93900
993,ELOX,39400
994,ELSE,74100
995,ELTK,19200
996,EMB,1806300
997,EMCB,500
998,EMCF,300
999,EMIF,3500
1000,EMKR,57000
1001,EML,22900
1002,EMXC,10900
1003,ENDP,4621900
1004,ENG,583500
1005,ENLV,40500
1006,ENOB,154800
1007,ENPH,3723300
1008,ENSG,368700
1009,ENTA,117200
1010,ENTG,1063200
1011,ENTX,130100
1012,ENZL,214100
1013,EOLS,333800
1014,EPAY,566400
1015,EPIX,35000
1016,EPSN,2000
1017,EPZM,712100
1018,EQ,180500
1019,EQBK,34800
1020,EQIX,224800
1021,EQRR,200
1022,ERESU,17100
1023,ERIC,5947200
1024,ERIE,40800
1025,ERII,216600
1026,ESCA,55000
1027,ESEA,106900
1028,ESGD,353000
1029,ESGE,366700
1030,ESGR,31900
1031,ESGRO,15100
1032,ESGRP,26000
1033,ESGU,416500
1034,ESLT,25100
1035,ESPO,795500
1036,ESPR,645600
1037,ESQ,15100
1038,ESSA,7100
1039,ESSC,5800
1040,ESSCR,7400
1041,ESSCU,2300
1042,ESSCW,96700
1043,ESTA,65200
1044,ESXB,32800
1045,ETACU,1221000
1046,ETFC,1158900
1047,ETNB,53600
1048,ETON,196700
1049,ETSY,5898500
1050,ETTX,51600
1051,EUFN,605300
1052,EVBG,1161400
1053,EVER,899700
1054,EVFM,2922500
1055,EVGN,80800
1056,EVK,29600
1057,EVLO,47100
1058,EVOK,240900
1059,EVOL,36600
1060,EVOP,405600
1061,EVSI,359800
1062,EVSIW,27400
1063,EWBC,821000
1064,EWJE,100
1065,EWJV,1400
1066,EWZS,7200
1067,EXAS,1545600
1068,EXC,6261900
1069,EXEL,2725800
1070,EXFO,13000
1071,EXLS,122900
1072,EXPC,13300
1073,EXPD,1169300
1074,EXPE,3199700
1075,EXPI,1185800
1076,EXPO,205600
1077,EXTR,957900
1078,EYE,1554400
1079,EYEG,86400
1080,EYEN,186900
1081,EYES,273000
1082,EYPT,853800
1083,EZPW,353700
1084,FAAR,4100
1085,FAB,1400
1086,FAD,1200
1087,FALN,34400
1088,FAMI,848000
1089,FANG,1584200
1090,FANH,89600
1091,FARM,206300
1092,FARO,106200
1093,FAST,2655600
1094,FAT,11500
1095,FATBP,2700
1096,FATE,507700
1097,FB,72766300
1098,FBIO,524700
1099,FBIOP,2100
1100,FBIZ,15700
1101,FBMS,77600
1102,FBNC,147500
1103,FBRX,37000
1104,FBSS,1100
1105,FCA,3200
1106,FCAL,6700
1107,FCAN,300
1108,FCAP,2200
1109,FCBC,22900
1110,FCBP,4400
1111,FCCO,13300
1112,FCCY,7900
1113,FCEF,1100
1114,FCEL,12552500
1115,FCFS,269300
1116,FCNCA,26300
1117,FCNCP,18300
1118,FCRD,58300
1119,FCVT,37000
1120,FDBC,3200
1121,FDIV,800
1122,FDNI,24700
1123,FDT,25800
1124,FDUS,388300
1125,FDUSG,4300
1126,FDUSL,4200
1127,FDUSZ,12600
1128,FEIM,5700
1129,FELE,148700
1130,FEM,64100
1131,FEMB,143900
1132,FEMS,7200
1133,FENC,756200
1134,FEP,25500
1135,FEUZ,200
1136,FEX,25800
1137,FEYE,5674300
1138,FFBC,311200
1139,FFBW,11100
1140,FFHL,17900
1141,FFIC,105400
1142,FFIN,336400
1143,FFIV,687000
1144,FFNW,11300
1145,FFWM,182000
1146,FGBI,1700
1147,FGEN,1146500
1148,FGM,2900
1149,FHB,1061200
1150,FIBK,136100
1151,FID,800
1152,FINX,135600
1153,FISI,32700
1154,FISV,4631400
1155,FITB,4213500
1156,FITBI,27400
1157,FITBO,14900
1158,FITBP,2600
1159,FIVE,878100
1160,FIVN,814300
1161,FIXD,605400
1162,FIXX,430300
1163,FIZZ,309600
1164,FJP,700
1165,FKO,100
1166,FKU,3100
1167,FLDM,3787700
1168,FLEX,3784300
1169,FLGT,495000
1170,FLIC,72100
1171,FLIR,3724900
1172,FLL,1221100
1173,FLMN,81800
1174,FLMNW,100
1175,FLN,200
1176,FLNT,174000
1177,FLWS,447100
1178,FLXN,743800
1179,FLXS,57900
1180,FMAO,11600
1181,FMB,153600
1182,FMBH,21600
1183,FMBI,611100
1184,FMBIO,36800
1185,FMBIP,25000
1186,FMCI,760600
1187,FMCIU,2500
1188,FMCIW,258600
1189,FMHI,19600
1190,FMK,1200
1191,FMNB,63300
1192,FMTX,309300
1193,FNCB,16800
1194,FNHC,36400
1195,FNK,6400
1196,FNKO,1934500
1197,FNLC,7600
1198,FNWB,11400
1199,FNX,19500
1200,FNY,24800
1201,FOCS,441700
1202,FOLD,1764800
1203,FONR,41300
1204,FORD,53400
1205,FORK,20500
1206,FORM,802900
1207,FORR,31700
1208,FORTY,100
1209,FOSL,1429300
1210,FOX,1874500
1211,FOXA,7072600
1212,FOXF,388900
1213,FPA,400
1214,FPAY,129100
1215,FPRX,376800
1216,FPXE,200
1217,FPXI,61300
1218,FRAF,5900
1219,FRAN,438000
1220,FRBA,34300
1221,FRBK,110100
1222,FREE,189100
1223,FREEW,76800
1224,FREQ,146400
1225,FRG,168600
1226,FRGI,378500
1227,FRHC,185700
1228,FRME,171100
1229,FRPH,32200
1230,FRPT,270000
1231,FRSX,2389800
1232,FRTA,273800
1233,FSBW,3900
1234,FSCT,352300
1235,FSEA,17300
1236,FSFG,1000
1237,FSLR,5480700
1238,FSRV,136500
1239,FSTR,25700
1240,FSV,76200
1241,FSZ,4700
1242,FTA,38000
1243,FTAC,362200
1244,FTACU,13500
1245,FTACW,454600
1246,FTAG,37400
1247,FTC,29100
1248,FTCS,404500
1249,FTDR,622500
1250,FTEK,63000
1251,FTFT,147600
1252,FTGC,96800
1253,FTHI,7800
1254,FTHM,133000
1255,FTLB,500
1256,FTNT,4196500
1257,FTRI,200
1258,FTSL,186900
1259,FTSM,1020200
1260,FTXH,2000
1261,FTXL,7000
1262,FTXN,1200
1263,FTXO,22300
1264,FTXR,700
1265,FULC,16200
1266,FULT,799000
1267,FUNC,7000
1268,FUND,49000
1269,FUSB,1200
1270,FUSN,56000
1271,FUTU,1513900
1272,FUV,594900
1273,FV,531000
1274,FVC,9300
1275,FVCB,8400
1276,FVE,39700
1277,FWONA,108900
1278,FWONK,690800
1279,FWP,69300
1280,FWRD,164300
1281,FXNC,4800
1282,FYC,31800
1283,FYT,13300
1284,FYX,30600
1285,GABC,47600
1286,GAIA,154800
1287,GAIN,115500
1288,GAINL,5300
1289,GAINM,2000
1290,GALT,89200
1291,GAN,696300
1292,GARS,18200
1293,GASS,16200
1294,GBCI,358900
1295,GBDC,465200
1296,GBIO,38700
1297,GBLI,15400
1298,GBLIL,6500
1299,GBLIZ,2000
1300,GBT,855000
1301,GCBC,1900
1302,GDEN,531600
1303,GDS,1497500
1304,GDYN,210100
1305,GDYNW,6400
1306,GEC,2500
1307,GECC,128500
1308,GECCL,900
1309,GECCM,3200
1310,GECCN,800
1311,GENC,15800
1312,GENE,3347500
1313,GENY,6400
1314,GEOS,70600
1315,GERN,2977600
1316,GEVO,2732700
1317,GFN,7200
1318,GFNCP,300
1319,GFNSL,1500
1320,GGAL,968200
1321,GH,2397400
1322,GHIV,273900
1323,GHIVU,145600
1324,GHIVW,14800
1325,GHSI,2455700
1326,GIFI,13200
1327,GIGE,8700
1328,GIGM,12200
1329,GIII,1314700
1330,GILD,8068900
1331,GILT,199600
1332,GLAD,157000
1333,GLADD,1500
1334,GLADL,2500
1335,GLBS,8062700
1336,GLBZ,4500
1337,GLDD,343900
1338,GLDI,53400
1339,GLG,287600
1340,GLIBA,2218900
1341,GLIBP,17000
1342,GLMD,53400
1343,GLNG,649000
1344,GLPG,140500
1345,GLPI,962800
1346,GLRE,199700
1347,GLUU,6289300
1348,GLYC,518100
1349,GMAB,315200
1350,GMBL,149500
1351,GMBLW,16200
1352,GMDA,189700
1353,GMHI,168100
1354,GMHIW,66800
1355,GMLP,79100
1356,GMLPP,14800
1357,GNCA,518400
1358,GNFT,11000
1359,GNLN,239300
1360,GNMA,33700
1361,GNMK,1179600
1362,GNOM,24800
1363,GNPX,519500
1364,GNRS,5200
1365,GNRSU,6300
1366,GNRSW,12400
1367,GNSS,138500
1368,GNTX,1413300
1369,GNTY,24900
1370,GNUS,13991200
1371,GO,665800
1372,GOCO,847400
1373,GOGL,70600
1374,GOGO,1158500
1375,GOOD,117400
1376,GOODM,15300
1377,GOODN,5400
1378,GOOG,1577800
1379,GOOGL,1386200
1380,GOSS,515000
1381,GPOR,7092600
1382,GPP,56600
1383,GPRE,658800
1384,GPRO,5825600
1385,GRBK,231300
1386,GRCYU,8400
1387,GRFS,560500
1388,GRID,2900
1389,GRIF,10400
1390,GRIL,54900
1391,GRIN,58000
1392,GRMN,681100
1393,GRNQ,99200
1394,GRNVR,500
1395,GRNVW,1400
1396,GROW,42400
1397,GRPN,38209800
1398,GRSVU,539500
1399,GRTS,973500
1400,GRTX,14700
1401,GRVY,89400
1402,GRWG,902500
1403,GSBC,23400
1404,GSHD,123200
1405,GSIT,39600
1406,GSKY,439000
1407,GSM,8199600
1408,GSMG,6400
1409,GSMGW,31900
1410,GSUM,107000
1411,GT,2585300
1412,GTEC,21200
1413,GTH,107300
1414,GTHX,1347500
1415,GTIM,29600
1416,GTLS,416100
1417,GTYH,329700
1418,GURE,9300
1419,GVP,222600
1420,GWGH,1600
1421,GWPH,2382200
1422,GWRS,26400
1423,GXGX,19100
1424,GXGXU,5500
1425,GXGXW,21600
1426,GXTG,4000
1427,HA,768800
1428,HAFC,234900
1429,HAIN,291900
1430,HALL,198300
1431,HALO,745500
1432,HAPP,334500
1433,HARP,177100
1434,HAS,543800
1435,HAYN,89800
1436,HBAN,7202500
1437,HBANN,5100
1438,HBANO,27400
1439,HBCP,8600
1440,HBIO,317100
1441,HBMD,51700
1442,HBNC,121200
1443,HBP,4544900
1444,HBT,68000
1445,HCAC,341000
1446,HCACU,1400
1447,HCACW,385100
1448,HCAP,46600
1449,HCAPZ,2600
1450,HCAT,1079000
1451,HCCH,66200
1452,HCCHR,68300
1453,HCCHW,25600
1454,HCCI,35300
1455,HCCO,617600
1456,HCCOU,117300
1457,HCCOW,379200
1458,HCKT,103800
1459,HCM,325600
1460,HCSG,482200
1461,HDS,401200
1462,HDSN,286300
1463,HEAR,848100
1464,HEBT,156500
1465,HEC,51900
1466,HECCU,86600
1467,HECCW,105300
1468,HEES,463400
1469,HELE,93700
1470,HEPA,1284300
1471,HERO,174500
1472,HEWG,12700
1473,HFFG,154200
1474,HFWA,178000
1475,HGSH,506000
1476,HHR,65600
1477,HHT,1032200
1478,HIBB,324300
1479,HIFS,3100
1480,HIHO,1572600
1481,HIMX,695600
1482,HJLI,15827100
1483,HJLIW,67100
1484,HLAL,6900
1485,HLG,3500
1486,HLIO,103400
1487,HLIT,657500
1488,HLNE,170800
1489,HMHC,3752500
1490,HMNF,500
1491,HMST,135400
1492,HMSY,1223900
1493,HMTV,33300
1494,HNDL,45300
1495,HNNA,16200
1496,HNRG,290500
1497,HOFT,61400
1498,HOFV,135500
1499,HOFVW,903900
1500,HOLI,240000
1501,HOLUU,155400
1502,HOLX,3146400
1503,HOMB,755200
1504,HONE,272800
1505,HOOK,24900
1506,HOPE,1276600
1507,HOTH,123500
1508,HQI,2400
1509,HQY,644800
1510,HROW,55300
1511,HRTX,876700
1512,HRZN,143300
1513,HSAQ,31900
1514,HSDT,570900
1515,HSIC,1332800
1516,HSII,112600
1517,HSKA,36200
1518,HSON,200
1519,HSTM,94300
1520,HSTO,25700
1521,HTBI,47300
1522,HTBK,282800
1523,HTBX,11506200
1524,HTGM,2183700
1525,HTHT,395500
1526,HTIA,2900
1527,HTLD,341000
1528,HTLF,84800
1529,HTLFP,23600
1530,HUBG,137800
1531,HUGE,289200
1532,HUIZ,33000
1533,HURC,4900
1534,HURN,116600
1535,HUSN,250400
1536,HVBC,1100
1537,HWBK,11100
1538,HWC,352700
1539,HWCC,17900
1540,HWCPL,4400
1541,HWCPZ,9200
1542,HWKN,49300
1543,HX,66000
1544,HYAC,542700
1545,HYACW,1300
1546,HYLS,244500
1547,HYMC,88300
1548,HYMCW,522300
1549,HYRE,125700
1550,HYXE,3800
1551,HYZD,11700
1552,HZNP,11514600
1553,IAC,743400
1554,IART,362100
1555,IBB,2705300
1556,IBBJ,3800
1557,IBCP,66100
1558,IBKR,267100
1559,IBOC,136700
1560,IBTB,11700
1561,IBTD,700
1562,IBTE,500
1563,IBTF,700
1564,IBTG,1800
1565,IBTH,1600
1566,IBTI,800
1567,IBTJ,1200
1568,IBTX,277700
1569,IBUY,372500
1570,ICAD,188700
1571,ICBK,3500
1572,ICCC,11100
1573,ICFI,89400
1574,ICHR,442700
1575,ICLK,819600
1576,ICLN,1804500
1577,ICLR,141900
1578,ICMB,12400
1579,ICON,127600
1580,ICPT,719300
1581,ICUI,101200
1582,IDCC,218200
1583,IDEX,10203100
1584,IDLB,100
1585,IDN,146600
1586,IDRA,145100
1587,IDXG,193000
1588,IDXX,566900
1589,IDYA,124600
1590,IEA,141200
1591,IEAWW,52300
1592,IEC,23200
1593,IEF,2363300
1594,IEI,502200
1595,IEP,138900
1596,IESC,88700
1597,IEUS,5700
1598,IFEU,200
1599,IFGL,49600
1600,IFMK,2550300
1601,IFRX,363200
1602,IFV,52700
1603,IGF,136800
1604,IGIB,994700
1605,IGIC,1600
1606,IGMS,76400
1607,IGOV,147600
1608,IGSB,2167300
1609,IHRT,945700
1610,III,50500
1611,IIIN,61000
1612,IIIV,111100
1613,IIN,21100
1614,IIVI,856500
1615,IJT,54100
1616,IKNX,7700
1617,ILMN,4266300
1618,ILPT,204100
1619,IMAB,67100
1620,IMAC,353600
1621,IMACW,14700
1622,IMBI,18500
1623,IMGN,1771900
1624,IMKTA,124100
1625,IMMP,111000
1626,IMMR,1384800
1627,IMMU,1107400
1628,IMOS,25100
1629,IMRA,8900
1630,IMRN,510100
1631,IMRNW,1600
1632,IMTE,143500
1633,IMTX,172800
1634,IMTXW,11800
1635,IMUX,633600
1636,IMV,684900
1637,IMVT,253600
1638,IMXI,216100
1639,INBK,75400
1640,INBKZ,1500
1641,INCY,760500
1642,INDB,83300
1643,INDY,27200
1644,INFI,327900
1645,INFN,4336200
1646,INGN,192200
1647,INMB,386400
1648,INMD,320200
1649,INO,9754000
1650,INOD,199000
1651,INOV,523600
1652,INPX,4625700
1653,INSE,68800
1654,INSG,7154900
1655,INSM,1184300
1656,INSU,176800
1657,INSUW,28500
1658,INTC,36765200
1659,INTG,500
1660,INTU,752000
1661,INVA,463300
1662,INVE,186500
1663,INWK,335900
1664,INZY,98000
1665,IONS,1217100
1666,IOSP,60600
1667,IOVA,1657300
1668,IPAR,100900
1669,IPDN,909000
1670,IPGP,392800
1671,IPHA,1400
1672,IPKW,2000
1673,IPLDP,12900
1674,IPWR,91300
1675,IQ,4783500
1676,IRBT,1469800
1677,IRCP,12700
1678,IRDM,763200
1679,IRIX,111800
1680,IRMD,103400
1681,IROQ,600
1682,IRTC,1179600
1683,IRWD,2131200
1684,ISBC,3353000
1685,ISDX,7900
1686,ISEE,555500
1687,ISEM,1700
1688,ISHG,1800
1689,ISIG,36100
1690,ISNS,5200
1691,ISRG,370100
1692,ISSC,745600
1693,ISTB,413300
1694,ISTR,9800
1695,ITCI,637100
1696,ITI,164400
1697,ITIC,5200
1698,ITMR,28800
1699,ITOS,230800
1700,ITRI,179100
1701,ITRM,469900
1702,ITRN,24700
1703,IUS,17600
1704,IUSB,333600
1705,IUSG,316000
1706,IUSS,3000
1707,IUSV,574300
1708,IVA,220300
1709,IVAC,32200
1710,IXUS,618200
1711,IZEA,13365600
1712,JACK,726600
1713,JAGX,3323500
1714,JAKK,386100
1715,JAMF,698000
1716,JAN,851300
1717,JAZZ,764000
1718,JBHT,962400
1719,JBLU,7311700
1720,JBSS,50900
1721,JCOM,906800
1722,JCS,7300
1723,JCTCF,800
1724,JD,14099100
1725,JFIN,303700
1726,JFK,157400
1727,JFKKR,77700
1728,JFKKU,8600
1729,JFKKW,57600
1730,JFU,987500
1731,JG,31100
1732,JJSF,82400
1733,JKHY,665200
1734,JKI,4100
1735,JMPNL,1400
1736,JMPNZ,2800
1737,JNCE,256800
1738,JOBS,136900
1739,JOUT,22000
1740,JRJC,25000
1741,JRSH,1300
1742,JRVR,148400
1743,JSM,11100
1744,JSMD,7300
1745,JSML,1900
1746,JVA,28800
1747,JYNT,265300
1748,KALA,605500
1749,KALU,85200
1750,KALV,34200
1751,KBAL,118100
1752,KBLMR,15500
1753,KBLMW,22500
1754,KBSF,52000
1755,KBWB,237400
1756,KBWD,147000
1757,KBWP,2600
1758,KBWR,5200
1759,KBWY,48700
1760,KC,1915000
1761,KCAPL,1800
1762,KE,44200
1763,KELYA,117700
1764,KEQU,400
1765,KERN,30300
1766,KERNW,300
1767,KFFB,100
1768,KFRC,128700
1769,KGJI,30100
1770,KHC,4163500
1771,KIDS,111700
1772,KIN,452200
1773,KINS,27500
1774,KIRK,826100
1775,KLAC,990900
1776,KLDO,63700
1777,KLIC,1010700
1778,KLXE,83400
1779,KMDA,63500
1780,KNDI,10519000
1781,KNSA,162100
1782,KNSL,102800
1783,KOD,155200
1784,KOPN,442900
1785,KOSS,30000
1786,KPTI,1781900
1787,KRKR,52200
1788,KRMA,7300
1789,KRMD,263600
1790,KRNT,257600
1791,KRNY,212100
1792,KROS,33800
1793,KRTX,84500
1794,KRUS,79300
1795,KRYS,80700
1796,KSMTU,335100
1797,KTCC,76700
1798,KTOS,1055400
1799,KTOV,9674800
1800,KTOVW,102700
1801,KURA,1751300
1802,KVHI,45400
1803,KXIN,47400
1804,KZIA,21258200
1805,KZR,162500
1806,LACQ,3000
1807,LACQW,17500
1808,LAKE,579500
1809,LAMR,606600
1810,LANC,83100
1811,LAND,205000
1812,LANDP,1600
1813,LARK,9400
1814,LASR,328900
1815,LATNW,5600
1816,LAUR,1050300
1817,LAWS,12300
1818,LAZY,115600
1819,LBAI,138700
1820,LBC,36700
1821,LBRDA,85100
1822,LBRDK,1555500
1823,LBTYA,1061400
1824,LBTYK,2932900
1825,LCA,3339200
1826,LCAHU,47600
1827,LCAHW,349500
1828,LCNB,16200
1829,LCUT,16500
1830,LDEM,300
1831,LDSF,23400
1832,LE,219600
1833,LECO,222800
1834,LEDS,584400
1835,LEGH,25200
1836,LEGN,251000
1837,LEGR,132700
1838,LEVL,3800
1839,LFAC,46700
1840,LFACW,2400
1841,LFUS,68400
1842,LFVN,27600
1843,LGHL,229200
1844,LGHLW,110100
1845,LGIH,284600
1846,LGND,169400
1847,LHCG,251800
1848,LI,7459700
1849,LIFE,60800
1850,LILA,652800
1851,LILAK,2303200
1852,LINC,82400
1853,LIND,181200
1854,LIQT,51100
1855,LITE,1760600
1856,LIVE,1300
1857,LIVK,400
1858,LIVN,289300
1859,LIVX,822200
1860,LIZI,6300
1861,LJPC,743800
1862,LKCO,1295700
1863,LKFN,231600
1864,LKQ,1893200
1865,LLIT,465800
1866,LLNW,2684400
1867,LMAT,67400
1868,LMB,29600
1869,LMBS,446100
1870,LMFA,2835700
1871,LMFAW,5900
1872,LMNL,29400
1873,LMNR,31500
1874,LMNX,908800
1875,LMPX,27700
1876,LMRK,47600
1877,LMRKN,2400
1878,LMRKO,5900
1879,LMRKP,1800
1880,LMST,2200
1881,LNDC,89600
1882,LNGR,6000
1883,LNT,1476000
1884,LNTH,618400
1885,LOAC,500
1886,LOACR,1900
1887,LOACW,500
1888,LOAN,34600
1889,LOB,113100
1890,LOCO,230500
1891,LOGC,40100
1892,LOGI,579600
1893,LOGM,178200
1894,LONE,281300
1895,LOOP,36000
1896,LOPE,218100
1897,LORL,250500
1898,LOVE,198000
1899,LPCN,3508500
1900,LPLA,544400
1901,LPRO,348400
1902,LPSN,1601400
1903,LPTH,2248700
1904,LPTX,668300
1905,LQDA,261100
1906,LQDT,276800
1907,LRCX,1385400
1908,LRGE,8900
1909,LRMR,7900
1910,LSAC,2400
1911,LSACU,1800
1912,LSACW,11000
1913,LSBK,3700
1914,LSCC,1004400
1915,LSTR,184700
1916,LSXMA,213000
1917,LSXMK,380000
1918,LTBR,89300
1919,LTRN,19200
1920,LTRPA,1099600
1921,LTRPB,3300
1922,LTRX,81300
1923,LULU,1580500
1924,LUMO,32100
1925,LUNA,679100
1926,LVGO,8601100
1927,LVHD,358400
1928,LWAY,195800
1929,LX,1111800
1930,LXRX,1581700
1931,LYFT,11184500
1932,LYL,8000
1933,LYRA,31300
1934,LYTS,95300
1935,MACK,11100
1936,MAGS,25100
1937,MANH,398000
1938,MANT,81400
1939,MAR,4949800
1940,MARA,27004100
1941,MARK,5034400
1942,MARPS,3700
1943,MASI,381700
1944,MAT,1475600
1945,MATW,328100
1946,MBB,999300
1947,MBCN,4700
1948,MBII,554000
1949,MBIN,28900
1950,MBINO,16800
1951,MBINP,3300
1952,MBIO,1163000
1953,MBNKP,1300
1954,MBOT,100600
1955,MBRX,1038000
1956,MBSD,2500
1957,MBUU,172100
1958,MBWM,27600
1959,MCACU,8700
1960,MCBC,75700
1961,MCBS,37100
1962,MCEF,500
1963,MCEP,106200
1964,MCFT,126500
1965,MCHI,7227300
1966,MCHP,2182400
1967,MCHX,119200
1968,MCMJ,5500
1969,MCRB,689600
1970,MCRI,89100
1971,MDB,1378800
1972,MDCA,84000
1973,MDGL,92400
1974,MDGS,141700
1975,MDIA,55600
1976,MDIV,78900
1977,MDJH,64000
1978,MDLZ,5190300
1979,MDRR,9000
1980,MDRX,1082200
1981,MDWD,65900
1982,MEDP,225800
1983,MEDS,7600
1984,MEET,858900
1985,MEIP,762700
1986,MELI,878100
1987,MEOH,165500
1988,MERC,235000
1989,MESA,577100
1990,MESO,449200
1991,METC,107900
1992,METX,36400
1993,METXW,2200
1994,MFH,210800
1995,MFIN,38200
1996,MFINL,600
1997,MFNC,66400
1998,MGEE,81000
1999,MGEN,977200
2000,MGI,1397900
2001,MGIC,29900
2002,MGLN,128400
2003,MGNI,3617500
2004,MGNX,516000
2005,MGPI,58100
2006,MGRC,69400
2007,MGTA,220100
2008,MGTX,55800
2009,MHLD,68400
2010,MICT,58400
2011,MIDD,904800
2012,MIK,2651000
2013,MILN,17100
2014,MIME,417100
2015,MIND,98000
2016,MINDP,2100
2017,MIRM,216100
2018,MIST,1668100
2019,MITK,286200
2020,MITO,100200
2021,MJCO,64300
2022,MKD,19400
2023,MKGI,38600
2024,MKSI,423900
2025,MKTX,205300
2026,MLAB,29000
2027,MLACU,36500
2028,MLCO,3009900
2029,MLHR,479000
2030,MLND,429200
2031,MLVF,1200
2032,MMAC,5700
2033,MMLP,108100
2034,MMSI,328500
2035,MMYT,381500
2036,MNCL,2200
2037,MNCLW,14700
2038,MNDO,22000
2039,MNKD,3950300
2040,MNLO,1730000
2041,MNOV,299200
2042,MNPR,3500
2043,MNRO,685400
2044,MNSB,5500
2045,MNST,1824500
2046,MNTA,869300
2047,MNTX,3000
2048,MOBL,820300
2049,MOFG,52300
2050,MOGO,987800
2051,MOHO,150100
2052,MOMO,3108000
2053,MOR,216300
2054,MORF,22700
2055,MORN,63800
2056,MOSY,119400
2057,MOTS,17000
2058,MOXC,151100
2059,MPAA,73300
2060,MPB,7200
2061,MPWR,225400
2062,MRAM,1398100
2063,MRBK,6900
2064,MRCC,154800
2065,MRCCL,4000
2066,MRCY,342600
2067,MREO,354900
2068,MRIN,141300
2069,MRKR,169000
2070,MRLN,66900
2071,MRNA,8771400
2072,MRNS,2956300
2073,MRSN,739800
2074,MRTN,232900
2075,MRTX,387300
2076,MRUS,58700
2077,MRVL,10194700
2078,MSBI,217600
2079,MSEX,49300
2080,MSFT,27820400
2081,MSON,58600
2082,MSTR,36900
2083,MSVB,4700
2084,MTBC,393100
2085,MTBCP,23800
2086,MTC,236700
2087,MTCH,2267000
2088,MTEM,469400
2089,MTEX,4100
2090,MTLS,62300
2091,MTP,276000
2092,MTRX,87600
2093,MTSC,173400
2094,MTSI,454900
2095,MTSL,101300
2096,MU,13637300
2097,MVBF,6100
2098,MVIS,10078800
2099,MWK,69900
2100,MXIM,5036900
2101,MYFW,7000
2102,MYGN,453500
2103,MYL,3873700
2104,MYOK,312200
2105,MYOS,482400
2106,MYRG,68400
2107,MYSZ,150500
2108,MYT,5865200
2109,NAII,1800
2110,NAKD,1977300
2111,NAOV,25300
2112,NARI,467200
2113,NATH,4700
2114,NATI,471100
2115,NATR,36700
2116,NAVI,2494800
2117,NBAC,13600
2118,NBACR,10000
2119,NBACW,22400
2120,NBEV,4373900
2121,NBIX,630100
2122,NBL,7141000
2123,NBLX,480600
2124,NBN,47000
2125,NBRV,3952400
2126,NBSE,97300
2127,NBTB,92400
2128,NCBS,18000
2129,NCMI,597700
2130,NCNA,183300
2131,NCNO,345600
2132,NCSM,63000
2133,NCTY,398700
2134,NDAQ,727500
2135,NDLS,451200
2136,NDRA,169200
2137,NDRAW,6800
2138,NDSN,398600
2139,NEO,648600
2140,NEOG,159800
2141,NEON,30100
2142,NEOS,117800
2143,NEPH,18200
2144,NEPT,820000
2145,NERV,754900
2146,NESR,163400
2147,NESRW,300
2148,NETE,412400
2149,NEWA,16100
2150,NEWT,130800
2151,NEWTI,700
2152,NEWTL,3400
2153,NEXT,75500
2154,NFBK,257700
2155,NFE,336400
2156,NFIN,277100
2157,NFINU,100
2158,NFINW,678000
2159,NFLX,5910300
2160,NFTY,300
2161,NGHC,1854600
2162,NGHCN,10400
2163,NGHCO,6600
2164,NGHCP,1300
2165,NGHCZ,3900
2166,NGM,111500
2167,NH,743200
2168,NHICU,123500
2169,NHLD,3100
2170,NHLDW,17300
2171,NHTC,22400
2172,NICE,379700
2173,NICK,45200
2174,NIU,415900
2175,NK,1418600
2176,NKLA,11551900
2177,NKLAW,161900
2178,NKSH,7200
2179,NKTR,1260200
2180,NKTX,122400
2181,NLOK,12987700
2182,NLTX,325500
2183,NMCI,59900
2184,NMIH,1249100
2185,NMRD,39500
2186,NMRK,1062800
2187,NMTR,356900
2188,NNBR,338800
2189,NNDM,1343800
2190,NODK,33000
2191,NOVN,8978300
2192,NOVS,1200
2193,NOVSU,200500
2194,NOVSW,55900
2195,NOVT,126300
2196,NPA,6100
2197,NPAWW,1000
2198,NRBO,39100
2199,NRC,15700
2200,NRIM,27200
2201,NRIX,672300
2202,NSEC,100
2203,NSIT,258100
2204,NSSC,60200
2205,NSTG,303200
2206,NSYS,4100
2207,NTAP,2426700
2208,NTCT,540800
2209,NTEC,10971700
2210,NTES,710900
2211,NTGR,211000
2212,NTIC,9000
2213,NTLA,702300
2214,NTNX,2287800
2215,NTRA,551700
2216,NTRP,283600
2217,NTRS,752800
2218,NTRSO,29200
2219,NTUS,327700
2220,NTWK,46900
2221,NUAN,5090400
2222,NURO,733900
2223,NUVA,733600
2224,NUZE,119100
2225,NVAX,6540100
2226,NVCN,574900
2227,NVCR,641900
2228,NVDA,8562800
2229,NVEC,8200
2230,NVEE,206200
2231,NVFY,469100
2232,NVIV,90900
2233,NVMI,139800
2234,NVUS,227400
2235,NWBI,613000
2236,NWFL,4300
2237,NWGI,37200
2238,NWL,1686500
2239,NWLI,18600
2240,NWPX,44800
2241,NWS,497100
2242,NWSA,2532300
2243,NXGN,213000
2244,NXPI,1842700
2245,NXST,381000
2246,NXTC,902500
2247,NXTD,8124700
2248,NXTG,133200
2249,NYMT,3977300
2250,NYMTM,18400
2251,NYMTN,24100
2252,NYMTO,13100
2253,NYMTP,2600
2254,NYMX,136000
2255,OAS,17620400
2256,OBAS,1500
2257,OBCI,31000
2258,OBLN,93900
2259,OBNK,36000
2260,OBSV,427800
2261,OCC,6700
2262,OCCI,53100
2263,OCFC,659500
2264,OCFCP,4000
2265,OCGN,56282400
2266,OCSI,54500
2267,OCSL,1363800
2268,OCUL,780500
2269,ODFL,630800
2270,ODP,539800
2271,ODT,97000
2272,OEG,28200
2273,OESX,348500
2274,OFED,200
2275,OFIX,116300
2276,OFLX,2500
2277,OFS,58100
2278,OFSSZ,200
2279,OGI,2136100
2280,OIIM,233800
2281,OKTA,1736500
2282,OLD,3200
2283,OLED,2239000
2284,OLLI,825200
2285,OMAB,95800
2286,OMCL,168500
2287,OMER,283700
2288,OMEX,4000
2289,OMP,345800
2290,ON,10297600
2291,ONB,692600
2292,ONCS,242800
2293,ONCT,82900
2294,ONCY,612700
2295,ONEM,2580700
2296,ONEQ,39600
2297,ONEW,70000
2298,ONTX,6770400
2299,ONTXW,104100
2300,ONVO,420800
2301,OPBK,29700
2302,OPCH,803400
2303,OPES,216200
2304,OPESW,180700
2305,OPGN,209952900
2306,OPHC,549100
2307,OPI,163200
2308,OPINI,29900
2309,OPINL,15800
2310,OPK,9680600
2311,OPNT,51100
2312,OPOF,1100
2313,OPRA,108300
2314,OPRT,125100
2315,OPRX,427600
2316,OPTN,397300
2317,OPTT,2331500
2318,ORBC,434900
2319,ORGO,337000
2320,ORGS,27700
2321,ORIC,201500
2322,ORLY,454200
2323,ORMP,83100
2324,ORRF,11600
2325,ORSN,600
2326,ORSNR,2000
2327,ORSNW,39400
2328,ORTX,647700
2329,OSBC,71500
2330,OSIS,178500
2331,OSMT,383900
2332,OSN,48600
2333,OSPN,286200
2334,OSS,1049900
2335,OSTK,17094400
2336,OSUR,4136600
2337,OSW,215000
2338,OTEL,6900
2339,OTEX,922400
2340,OTIC,166200
2341,OTLK,1624300
2342,OTLKW,6600
2343,OTRK,2014700
2344,OTTR,122200
2345,OVBC,3700
2346,OVID,574400
2347,OVLY,5600
2348,OXBR,79900
2349,OXBRW,3100
2350,OXFD,60000
2351,OXLC,987000
2352,OXLCM,2000
2353,OXLCO,4200
2354,OXLCP,20900
2355,OXSQ,289200
2356,OXSQL,900
2357,OXSQZ,1700
2358,OYST,22600
2359,OZK,669400
2360,PAAS,3514800
2361,PACB,5475800
2362,PACQ,18800
2363,PACQW,500
2364,PACW,1258000
2365,PAE,351600
2366,PAEWW,1300
2367,PAHC,155800
2368,PAND,101000
2369,PANL,10500
2370,PASG,223800
2371,PATI,8700
2372,PATK,128100
2373,PAVM,656500
2374,PAVMZ,13800
2375,PAYS,801300
2376,PAYX,1469900
2377,PBCT,3147500
2378,PBCTP,18200
2379,PBFS,19000
2380,PBHC,6200
2381,PBIP,6800
2382,PBPB,443900
2383,PBTS,55100
2384,PBYI,2843700
2385,PCAR,1361600
2386,PCB,31400
2387,PCH,375400
2388,PCOM,18800
2389,PCRX,637800
2390,PCSB,87700
2391,PCTI,112800
2392,PCTY,754700
2393,PCVX,152700
2394,PCYG,34200
2395,PCYO,59700
2396,PDBC,864800
2397,PDCE,1289000
2398,PDCO,603500
2399,PDD,7389200
2400,PDEX,9700
2401,PDFS,428400
2402,PDLB,5500
2403,PDLI,1240200
2404,PDP,157400
2405,PDSB,1056300
2406,PEBK,1800
2407,PEBO,81800
2408,PECK,60500
2409,PEGA,307700
2410,PEIX,4490000
2411,PENN,15913600
2412,PEP,3692100
2413,PERI,195500
2414,PESI,46000
2415,PETQ,1797400
2416,PETS,684100
2417,PETZ,21200
2418,PEY,239800
2419,PEZ,11600
2420,PFBC,57000
2421,PFBI,37500
2422,PFC,167200
2423,PFF,2419700
2424,PFG,1614000
2425,PFHD,39000
2426,PFI,4900
2427,PFIE,66200
2428,PFIN,2100
2429,PFIS,17700
2430,PFLT,206800
2431,PFM,30100
2432,PFMT,35100
2433,PFPT,555600
2434,PFSW,398200
2435,PGC,82400
2436,PGEN,735900
2437,PGJ,11800
2438,PGNY,758300
2439,PHAS,720900
2440,PHAT,36800
2441,PHCF,25800
2442,PHIO,882900
2443,PHIOW,42700
2444,PHO,40500
2445,PHUN,1482000
2446,PHUNW,3700
2447,PI,212700
2448,PICO,43700
2449,PID,127900
2450,PIE,49900
2451,PIH,1900
2452,PINC,224600
2453,PIO,13300
2454,PIRS,130300
2455,PIXY,260800
2456,PIZ,20000
2457,PKBK,19200
2458,PKOH,31100
2459,PKW,38500
2460,PLAB,337400
2461,PLAY,3892700
2462,PLBC,5700
2463,PLCE,767900
2464,PLIN,67500
2465,PLL,77400
2466,PLMR,284000
2467,PLPC,7300
2468,PLRX,65700
2469,PLSE,55900
2470,PLUG,36721400
2471,PLUS,42300
2472,PLW,70300
2473,PLXP,10200
2474,PLXS,136400
2475,PLYA,723100
2476,PMBC,26500
2477,PMD,10800
2478,PME,5900
2479,PNBK,491800
2480,PNFP,216200
2481,PNFPP,30800
2482,PNNT,238300
2483,PNNTG,400
2484,PNQI,20700
2485,PNTG,79300
2486,POAI,939500
2487,PODD,882300
2488,POLA,432700
2489,POOL,156800
2490,POTX,24000
2491,POWI,129500
2492,POWL,118800
2493,PPBI,459400
2494,PPC,831500
2495,PPD,627300
2496,PPH,33300
2497,PPIH,6800
2498,PPSI,517700
2499,PRAA,612000
2500,PRAH,657400
2501,PRCP,141600
2502,PRDO,923500
2503,PRFT,342800
2504,PRFZ,21700
2505,PRGS,268700
2506,PRGX,22100
2507,PRIM,830900
2508,PRN,4900
2509,PRNB,533100
2510,PROF,132800
2511,PROG,17600
2512,PROV,4000
2513,PRPH,1000
2514,PRPL,983500
2515,PRPLW,326600
2516,PRPO,2149700
2517,PRQR,165200
2518,PRSC,111100
2519,PRTA,149100
2520,PRTH,80800
2521,PRTK,375300
2522,PRTS,621900
2523,PRVB,783500
2524,PRVL,74900
2525,PS,1016700
2526,PSACU,25600
2527,PSC,1100
2528,PSCC,1100
2529,PSCD,1100
2530,PSCE,3800
2531,PSCF,2400
2532,PSCH,6800
2533,PSCI,2500
2534,PSCM,900
2535,PSCT,3900
2536,PSCU,300
2537,PSEC,1170400
2538,PSHG,48200
2539,PSL,23700
2540,PSMT,77600
2541,PSNL,342800
2542,PSTI,438200
2543,PSTV,4841700
2544,PSTX,225400
2545,PT,108300
2546,PTAC,303300
2547,PTACU,3500
2548,PTACW,20700
2549,PTC,533600
2550,PTCT,2125600
2551,PTE,416200
2552,PTEN,3931300
2553,PTF,54300
2554,PTGX,356700
2555,PTH,49500
2556,PTI,1893000
2557,PTMN,312000
2558,PTNR,1600
2559,PTON,4748000
2560,PTSI,3700
2561,PTVCA,2100
2562,PTVCB,16100
2563,PUI,30700
2564,PULM,757300
2565,PUYI,300
2566,PVAC,929300
2567,PVBC,17600
2568,PWFL,168300
2569,PWOD,7100
2570,PXI,24800
2571,PXLW,159600
2572,PXS,18500
2573,PYPD,6300
2574,PYPL,6525200
2575,PYZ,600
2576,PZZA,669600
2577,QABA,32500
2578,QADA,54000
2579,QAT,4600
2580,QCLN,126100
2581,QCOM,11155900
2582,QCRH,57500
2583,QDEL,713400
2584,QFIN,1563800
2585,QH,38500
2586,QIWI,973300
2587,QK,20900
2588,QLGN,2054500
2589,QLYS,446400
2590,QMCO,198300
2591,QNST,341300
2592,QQEW,67200
2593,QQQ,44969300
2594,QQQX,79400
2595,QQXT,7500
2596,QRHC,11200
2597,QRTEA,3256500
2598,QRTEB,1400
2599,QRVO,1238400
2600,QTEC,165300
2601,QTNT,469900
2602,QTRX,1575300
2603,QTT,1310400
2604,QUIK,100500
2605,QUMU,28200
2606,QURE,224700
2607,QYLD,452100
2608,RADA,150200
2609,RAIL,218900
2610,RAND,16800
2611,RAPT,243600
2612,RARE,289700
2613,RAVE,225400
2614,RAVN,81900
2615,RBB,45000
2616,RBBN,467200
2617,RBCAA,16600
2618,RBCN,2300
2619,RBKB,9500
2620,RBNC,33000
2621,RCEL,73800
2622,RCII,708300
2623,RCKT,238800
2624,RCKY,19700
2625,RCM,1411500
2626,RCMT,12900
2627,RCON,139700
2628,RDCM,15200
2629,RDFN,1963600
2630,RDHL,817700
2631,RDI,313900
2632,RDIB,700
2633,RDNT,230200
2634,RDUS,1227600
2635,RDVT,48400
2636,RDVY,159800
2637,RDWR,189100
2638,REAL,3939700
2639,REDU,11000
2640,REED,338500
2641,REFR,243400
2642,REG,678500
2643,REGI,829000
2644,REGN,432700
2645,REKR,143400
2646,RELL,1900
2647,RELV,3200
2648,REPH,283300
2649,REPL,148200
2650,RESN,910700
2651,RETA,226200
2652,RETO,11400
2653,REXN,36400
2654,REYN,525300
2655,RFDI,4800
2656,RFEM,3500
2657,RFEU,300
2658,RFIL,23600
2659,RGCO,4700
2660,RGEN,462700
2661,RGLD,497000
2662,RGLS,935900
2663,RGNX,340300
2664,RGP,128500
2665,RIBT,124500
2666,RICK,89700
2667,RIGL,3276600
2668,RILY,347700
2669,RILYG,2100
2670,RILYH,20600
2671,RILYI,2400
2672,RILYM,133300
2673,RILYN,7000
2674,RILYO,10700
2675,RILYP,11000
2676,RILYZ,8200
2677,RING,404500
2678,RIOT,14748700
2679,RIVE,11100
2680,RKDA,71900
2681,RLAY,181500
2682,RLMD,81000
2683,RMBI,34100
2684,RMBL,425300
2685,RMBS,1108800
2686,RMCF,116100
2687,RMNI,251000
2688,RMR,168500
2689,RMRM,78700
2690,RMTI,464600
2691,RNA,129200
2692,RNDB,11900
2693,RNDM,1800
2694,RNDV,4100
2695,RNEM,8300
2696,RNET,766300
2697,RNLC,6600
2698,RNLX,39900
2699,RNMC,1700
2700,RNSC,1100
2701,RNST,149400
2702,RNWK,651200
2703,ROAD,413200
2704,ROBT,14100
2705,ROCHU,100
2706,ROCK,246600
2707,ROIC,857900
2708,ROKU,15904100
2709,ROLL,109200
2710,ROST,3321300
2711,RP,525100
2712,RPAY,558800
2713,RPD,1182900
2714,RPRX,1523000
2715,RPTX,161900
2716,RRBI,10300
2717,RRGB,738100
2718,RRR,2203800
2719,RSSS,65100
2720,RTH,6600
2721,RTLR,672600
2722,RTRX,254700
2723,RUBY,103500
2724,RUHN,71100
2725,RUN,3674400
2726,RUSHA,83800
2727,RUSHB,6200
2728,RUTH,1174700
2729,RVMD,183800
2730,RVNC,1094200
2731,RVSB,47400
2732,RWLK,264500
2733,RXT,3806600
2734,RYAAY,145400
2735,RYTM,122200
2736,SABR,8564800
2737,SAFM,207600
2738,SAFT,76500
2739,SAGE,645800
2740,SAIA,104900
2741,SAL,3100
2742,SALM,691700
2743,SAMA,52400
2744,SAMAW,291800
2745,SAMG,19200
2746,SANM,414800
2747,SANW,14100
2748,SAQN,100000
2749,SASR,191500
2750,SATS,452500
2751,SAVA,596700
2752,SBAC,324200
2753,SBBP,229600
2754,SBCF,362000
2755,SBFG,20400
2756,SBGI,1017600
2757,SBLK,312200
2758,SBLKZ,600
2759,SBNY,364400
2760,SBPH,95500
2761,SBRA,1099900
2762,SBSI,128000
2763,SBT,86200
2764,SBUX,6569300
2765,SCHL,118400
2766,SCHN,175600
2767,SCKT,209000
2768,SCON,1726000
2769,SCOR,161500
2770,SCPH,26400
2771,SCPL,922300
2772,SCSC,63500
2773,SCVL,86700
2774,SCWX,116000
2775,SCYX,42100
2776,SCZ,469000
2777,SDC,3061900
2778,SDG,12200
2779,SDGR,933100
2780,SDVY,1400
2781,SEAC,283200
2782,SECO,227200
2783,SEDG,999300
2784,SEED,81000
2785,SEEL,1267300
2786,SEIC,457600
2787,SELB,1127900
2788,SELF,4500
2789,SENEA,30900
2790,SENEB,1200
2791,SESN,1850400
2792,SFBC,300
2793,SFBS,171200
2794,SFET,377400
2795,SFIX,958000
2796,SFM,2174700
2797,SFNC,608100
2798,SFST,10900
2799,SG,4199100
2800,SGA,3600
2801,SGBX,965300
2802,SGC,63700
2803,SGEN,727600
2804,SGH,101100
2805,SGLB,111400
2806,SGLBW,3100
2807,SGMA,6000
2808,SGMO,2153800
2809,SGMS,855300
2810,SGOC,5700
2811,SGRP,267800
2812,SGRY,487200
2813,SHBI,102400
2814,SHEN,168400
2815,SHIP,1399200
2816,SHIPW,86200
2817,SHIPZ,21300
2818,SHLO,395800
2819,SHOO,623500
2820,SHSP,24500
2821,SHV,1436400
2822,SHY,3944400
2823,SHYF,379500
2824,SIBN,134000
2825,SIC,27700
2826,SIEB,23100
2827,SIEN,972700
2828,SIFY,118500
2829,SIGA,1058500
2830,SIGI,262800
2831,SILC,11900
2832,SILK,181200
2833,SIMO,267300
2834,SINA,920900
2835,SINO,10000
2836,SINT,4413100
2837,SIRI,18090000
2838,SITM,135500
2839,SIVB,213900
2840,SIVBP,14700
2841,SJ,1600
2842,SKOR,3200
2843,SKYS,40400
2844,SKYW,397000
2845,SKYY,541900
2846,SLAB,300400
2847,SLCT,22900
2848,SLDB,155600
2849,SLGG,587000
2850,SLGL,13800
2851,SLGN,355000
2852,SLM,8550500
2853,SLMBP,24200
2854,SLNO,307400
2855,SLP,295500
2856,SLQD,114500
2857,SLRC,106300
2858,SLRX,225800
2859,SLS,77100
2860,SLVO,34500
2861,SMBC,10600
2862,SMBK,17200
2863,SMCI,271600
2864,SMED,1229100
2865,SMH,2757600
2866,SMIT,7700
2867,SMMC,27700
2868,SMMCW,10100
2869,SMMF,8100
2870,SMMT,18100
2871,SMPL,785300
2872,SMRT,648300
2873,SMSI,619300
2874,SMTC,439800
2875,SMTX,89000
2876,SNBR,449100
2877,SNCA,764500
2878,SNCR,558200
2879,SND,103700
2880,SNDE,192000
2881,SNDL,2053500
2882,SNDX,957700
2883,SNES,346300
2884,SNEX,48600
2885,SNFCA,8700
2886,SNGX,220800
2887,SNGXW,100
2888,SNLN,2300
2889,SNOA,83100
2890,SNPS,518300
2891,SNSR,55200
2892,SNSS,19849700
2893,SNUG,10000
2894,SNY,1577000
2895,SOCL,61800
2896,SOHO,61200
2897,SOHOB,6900
2898,SOHON,3500
2899,SOHOO,3700
2900,SOHU,1432600
2901,SOLO,2685800
2902,SOLOW,31200
2903,SOLY,170200
2904,SONA,45900
2905,SONM,325900
2906,SONN,939900
2907,SONO,7477400
2908,SOXX,454900
2909,SP,604500
2910,SPCB,411000
2911,SPFI,7300
2912,SPI,325800
2913,SPKE,169600
2914,SPKEP,4400
2915,SPLK,2191800
2916,SPNE,219100
2917,SPNS,98600
2918,SPOK,37800
2919,SPPI,3609400
2920,SPRO,122900
2921,SPRT,194100
2922,SPSC,211000
2923,SPT,424400
2924,SPTN,345500
2925,SPWH,426100
2926,SPWR,6956900
2927,SQBG,96100
2928,SQQQ,117372400
2929,SRACW,591100
2930,SRAX,147700
2931,SRCE,52500
2932,SRCL,348900
2933,SRDX,71000
2934,SRET,456200
2935,SREV,143600
2936,SRGA,503200
2937,SRNE,62392500
2938,SRPT,914600
2939,SRRA,3800
2940,SRRK,178400
2941,SRTS,11600
2942,SSB,489700
2943,SSBI,10100
2944,SSKN,52400
2945,SSNC,1152800
2946,SSNT,515100
2947,SSP,829800
2948,SSPK,1200
2949,SSRM,3411200
2950,SSSS,639500
2951,SSTI,475700
2952,SSYS,581800
2953,STAA,1004200
2954,STAF,846700
2955,STAY,953900
2956,STBA,123600
2957,STCN,103300
2958,STFC,71100
2959,STIM,940400
2960,STKL,439100
2961,STKS,15100
2962,STLD,1319100
2963,STMP,1675300
2964,STND,1900
2965,STNE,3792200
2966,STOK,58800
2967,STRA,892800
2968,STRL,228900
2969,STRM,12400
2970,STRO,141200
2971,STRS,12600
2972,STRT,29300
2973,STSA,102100
2974,STX,2781400
2975,STXB,29200
2976,SUMR,17200
2977,SUNS,37700
2978,SUNW,1269300
2979,SUPN,506300
2980,SURF,686100
2981,SUSB,284700
2982,SUSC,514000
2983,SUSL,4600
2984,SVBI,4700
2985,SVC,1951000
2986,SVMK,1712400
2987,SVRA,192100
2988,SVVC,8700
2989,SWAV,276900
2990,SWBI,1730900
2991,SWIR,237300
2992,SWKH,4900
2993,SWKS,1526400
2994,SWTX,94800
2995,SXTC,2628800
2996,SY,340400
2997,SYBT,36600
2998,SYBX,151100
2999,SYKE,174500
3000,SYNA,723500
3001,SYNC,1094300
3002,SYNH,447700
3003,SYNL,7700
3004,SYPR,313800
3005,SYRS,249800
3006,TA,328700
3007,TACO,298400
3008,TACT,67300
3009,TAIT,36500
3010,TANH,160200
3011,TANNI,10000
3012,TANNL,11900
3013,TANNZ,10300
3014,TAOP,228100
3015,TARA,9600
3016,TAST,677500
3017,TATT,1900
3018,TAYD,7700
3019,TBBK,186200
3020,TBIO,1334400
3021,TBK,71100
3022,TBKCP,10400
3023,TBLT,1429100
3024,TBLTW,13800
3025,TBNK,12800
3026,TBPH,744500
3027,TC,8000
3028,TCBI,370600
3029,TCBIL,300
3030,TCBIP,12700
3031,TCBK,90100
3032,TCCO,35200
3033,TCDA,826100
3034,TCF,476400
3035,TCFC,5600
3036,TCFCP,7100
3037,TCMD,230400
3038,TCOM,3499200
3039,TCON,189800
3040,TCPC,601900
3041,TCRR,138200
3042,TCX,37500
3043,TDAC,700
3044,TDACW,99200
3045,TDIV,234500
3046,TEAM,2243800
3047,TECH,99300
3048,TEDU,202100
3049,TELA,21800
3050,TELL,4413000
3051,TENB,1020000
3052,TENX,107800
3053,TER,2315200
3054,TESS,34400
3055,TEUM,713700
3056,TFFP,436900
3057,TFSL,286600
3058,TGA,79800
3059,TGLS,21800
3060,TGTX,1117400
3061,TH,237300
3062,THBR,265400
3063,THBRW,200
3064,THCB,403800
3065,THCBW,12400
3066,THFF,49900
3067,THMO,706400
3068,THRM,107300
3069,THTX,29900
3070,THWWW,10000
3071,TIG,80400
3072,TIGO,83400
3073,TIGR,640600
3074,TILE,1029800
3075,TIPT,13600
3076,TITN,69900
3077,TLC,7400
3078,TLF,17400
3079,TLGT,33600
3080,TLND,1023900
3081,TLRY,5445700
3082,TLSA,516000
3083,TLT,8176800
3084,TMDI,523000
3085,TMDX,90500
3086,TMUS,13771100
3087,TNAV,128100
3088,TNDM,798200
3089,TNXP,12128300
3090,TOPS,180150800
3091,TORC,311800
3092,TOTA,25200
3093,TOUR,259900
3094,TOWN,157800
3095,TPCO,165100
3096,TPIC,827000
3097,TPTX,299700
3098,TQQQ,37088400
3099,TRCH,559800
3100,TREE,96200
3101,TRHC,628100
3102,TRIB,383400
3103,TRIL,1856600
3104,TRIP,4254200
3105,TRMB,1167600
3106,TRMD,11600
3107,TRMK,222100
3108,TRMT,19300
3109,TRNS,17000
3110,TROW,1108800
3111,TRS,185600
3112,TRST,407100
3113,TRUE,16613300
3114,TRUP,2273400
3115,TRVG,315100
3116,TRVI,10400
3117,TRVN,44850300
3118,TSBK,18100
3119,TSC,115200
3120,TSCAP,3800
3121,TSCBP,30300
3122,TSCO,992300
3123,TSEM,310300
3124,TSLA,8896400
3125,TSRI,2400
3126,TTD,2408000
3127,TTEC,237900
3128,TTEK,190300
3129,TTGT,355000
3130,TTMI,646200
3131,TTNP,3136300
3132,TTOO,6540200
3133,TTTN,2100
3134,TTWO,1280300
3135,TUR,418900
3136,TURN,69000
3137,TUSA,100
3138,TUSK,78900
3139,TVTY,629200
3140,TW,816600
3141,TWIN,80600
3142,TWMC,15600
3143,TWNK,1148000
3144,TWNKW,11900
3145,TWOU,3283800
3146,TWST,798800
3147,TXG,609300
3148,TXMD,4990400
3149,TXN,2856700
3150,TXRH,713100
3151,TYHT,515700
3152,TYME,186500
3153,TZACW,53300
3154,TZOO,46000
3155,UAE,3100
3156,UAL,30394400
3157,UBCP,900
3158,UBFO,19900
3159,UBSI,456400
3160,UBX,472600
3161,UCBI,477400
3162,UCBIO,27200
3163,UCL,2600
3164,UCTT,545700
3165,UEIC,60100
3166,UEPS,318300
3167,UFCS,53900
3168,UFO,28300
3169,UFPI,273300
3170,UFPT,15600
3171,UG,5600
3172,UHAL,48400
3173,UIHC,83600
3174,ULBI,10600
3175,ULH,100500
3176,ULTA,564600
3177,UMBF,183500
3178,UMPQ,1029300
3179,UMRX,1131600
3180,UNAM,7500
3181,UNB,3800
3182,UNIT,1459500
3183,UNTY,11500
3184,UONE,249100
3185,UONEK,615300
3186,UPLD,501200
3187,UPWK,4302000
3188,URBN,1799800
3189,URGN,131000
3190,UROV,294500
3191,USAK,58500
3192,USAP,7900
3193,USAU,112700
3194,USCR,212500
3195,USEG,59000
3196,USIG,324400
3197,USIO,89100
3198,USLB,7200
3199,USLM,1300
3200,USMC,155800
3201,USOI,320800
3202,USWS,248700
3203,USWSW,3400
3204,USXF,700
3205,UTHR,255200
3206,UTMD,10700
3207,UTSI,27500
3208,UVSP,84000
3209,UXIN,693000
3210,VALU,1800
3211,VBIV,5852300
3212,VBLT,73600
3213,VBTX,297900
3214,VC,160600
3215,VCEL,630200
3216,VCIT,2377900
3217,VCLT,541400
3218,VCNX,292400
3219,VCSH,2234200
3220,VCTR,83400
3221,VCYT,803800
3222,VECO,338300
3223,VEON,2137000
3224,VERB,1463600
3225,VERBW,8400
3226,VERI,723000
3227,VERO,31700
3228,VERU,441300
3229,VERX,625000
3230,VERY,400
3231,VFF,464200
3232,VG,3513000
3233,VGIT,747800
3234,VGLT,760100
3235,VGSH,1454500
3236,VIAC,11786300
3237,VIACA,81500
3238,VIAV,1711900
3239,VICR,218700
3240,VIE,144100
3241,VIGI,135100
3242,VIOT,291800
3243,VIR,457000
3244,VIRC,8900
3245,VIRT,2306500
3246,VISL,902100
3247,VITL,483400
3248,VIVE,675900
3249,VIVO,2415400
3250,VKTX,984000
3251,VKTXW,5800
3252,VLGEA,38400
3253,VLY,2165800
3254,VLYPO,9900
3255,VLYPP,5400
3256,VMBS,1381700
3257,VMD,234100
3258,VNDA,560700
3259,VNET,1475000
3260,VNOM,277800
3261,VNQI,385100
3262,VOD,4556800
3263,VONE,33200
3264,VONG,93400
3265,VONV,144700
3266,VOXX,55500
3267,VRA,214000
3268,VRAY,708700
3269,VRCA,137200
3270,VREX,191000
3271,VRIG,66600
3272,VRM,1295100
3273,VRME,98900
3274,VRMEW,9500
3275,VRNA,354500
3276,VRNS,412700
3277,VRNT,444300
3278,VRRM,2412600
3279,VRSK,597100
3280,VRSN,408900
3281,VRTS,27000
3282,VRTU,179700
3283,VRTX,1005900
3284,VSAT,1646600
3285,VSDA,33300
3286,VSEC,18400
3287,VSMV,42100
3288,VSTA,669100
3289,VSTM,2196300
3290,VTC,98500
3291,VTGN,9422500
3292,VTHR,50800
3293,VTIP,996200
3294,VTNR,73800
3295,VTSI,39200
3296,VTVT,269400
3297,VTWG,13300
3298,VTWO,87700
3299,VTWV,13600
3300,VUZI,1294500
3301,VVPR,114300
3302,VWOB,145200
3303,VXRT,13781800
3304,VXUS,2140900
3305,VYGR,212000
3306,VYMI,84200
3307,WABC,83000
3308,WAFD,383200
3309,WAFU,48400
3310,WASH,50000
3311,WATT,684600
3312,WB,1173500
3313,WBA,4538600
3314,WBND,40200
3315,WCLD,1434600
3316,WDAY,1635400
3317,WDC,10250000
3318,WDFC,83100
3319,WEN,2612200
3320,WERN,917600
3321,WETF,1928300
3322,WEYS,12000
3323,WHF,112700
3324,WHFBZ,6900
3325,WHLM,53300
3326,WHLR,76700
3327,WHLRD,1200
3328,WIFI,379600
3329,WILC,11100
3330,WIMI,3044800
3331,WINA,30100
3332,WINC,1600
3333,WING,467800
3334,WINS,13100
3335,WINT,51000
3336,WIRE,68800
3337,WISA,131500
3338,WIX,1441600
3339,WKEY,660100
3340,WKHS,17088400
3341,WLDN,87100
3342,WLFC,7600
3343,WLTW,682000
3344,WMG,660200
3345,WMGI,673800
3346,WNEB,29200
3347,WOOD,19700
3348,WPRT,1733000
3349,WRLD,36900
3350,WRTC,1036200
3351,WSBC,328400
3352,WSBF,68800
3353,WSC,2729100
3354,WSFS,258300
3355,WSG,40200
3356,WSTG,6900
3357,WSTL,120500
3358,WTBA,51300
3359,WTER,2179000
3360,WTFC,332600
3361,WTFCM,8700
3362,WTFCP,54600
3363,WTRE,48300
3364,WTRH,4570700
3365,WVE,547300
3366,WVFC,200
3367,WVVI,1900
3368,WVVIP,4000
3369,WW,1143600
3370,WWD,476400
3371,WWR,430300
3372,WYNN,4874700
3373,XAIR,513200
3374,XBIO,189300
3375,XBIT,104800
3376,XCUR,134900
3377,XEL,5060900
3378,XELA,22400400
3379,XELB,52400
3380,XENE,245900
3381,XENT,573400
3382,XERS,3187800
3383,XFOR,42600
3384,XGN,60300
3385,XLNX,2165000
3386,XLRN,995700
3387,XNCR,274500
3388,XNET,2692100
3389,XOMA,38100
3390,XONE,387100
3391,XP,1125000
3392,XPEL,97700
3393,XPER,547400
3394,XRAY,2843400
3395,XSPA,2821500
3396,XT,152800
3397,XTLB,4700
3398,YGYI,84800
3399,YGYIP,1700
3400,YI,17500
3401,YIN,12200
3402,YJ,235800
3403,YLCO,15800
3404,YMAB,141200
3405,YNDX,1278800
3406,YORW,29400
3407,YRCW,1307700
3408,YTEN,21500
3409,YTRA,217000
3410,YVR,450700
3411,YY,2070900
3412,Z,27336700
3413,ZAGG,3983900
3414,ZBRA,195100
3415,ZCMD,181600
3416,ZEAL,200
3417,ZEUS,26400
3418,ZG,3805400
3419,ZGNX,1487900
3420,ZGYHR,1000
3421,ZGYHW,21200
3422,ZI,1862000
3423,ZION,1032700
3424,ZIONL,7600
3425,ZIONN,6300
3426,ZIONO,22400
3427,ZIONP,1500
3428,ZIOP,1798200
3429,ZIXI,1867700
3430,ZKIN,13100
3431,ZLAB,446900
3432,ZM,5024600
3433,ZN,3667000
3434,ZNGA,43213800
3435,ZNTL,66200
3436,ZS,2426200
3437,ZSAN,17881100
3438,ZUMZ,226600
3439,ZVO,1266300
3440,ZYNE,542800
3441,ZYXI,681400
